{"cameraMode":{"drawMode":0,"name":"Shaded","section":"Shading Mode"},"sceneLighting":false,"audioPlay":false,"sceneViewState":{"showFog":true,"showMaterialUpdate":true,"showSkybox":false,"showFlares":true,"showImageEffects":true,"showParticleSystems":true},"in2DMode":false,"pivot":{"x":-0.04837972670793533,"y":1.6806429624557496,"z":2.9802322387695315e-8},"rotation":{"x":0.011206778697669506,"y":-0.3575859069824219,"z":0.00429004430770874,"w":0.9338171482086182},"size":0.1912139505147934,"orthographic":true}