{"cameraMode":{"drawMode":0,"name":"Shaded","section":"Shading Mode"},"sceneLighting":false,"audioPlay":false,"sceneViewState":{"showFog":true,"showMaterialUpdate":true,"showSkybox":false,"showFlares":true,"showImageEffects":true,"showParticleSystems":true},"in2DMode":false,"pivot":{"x":8.90999984741211,"y":4.367189407348633,"z":-8.270000457763672},"rotation":{"x":0.24001291394233704,"y":-0.015444166958332062,"z":0.003814290277659893,"w":0.9706491231918335},"size":4.6681904792785648,"orthographic":true}