{"cameraMode":{"drawMode":0,"name":"Shaded","section":"Shading Mode"},"sceneLighting":false,"audioPlay":false,"sceneViewState":{"showFog":true,"showMaterialUpdate":true,"showSkybox":false,"showFlares":true,"showImageEffects":true,"showParticleSystems":true},"in2DMode":false,"pivot":{"x":207.70733642578126,"y":16.528671264648439,"z":251.47825622558595},"rotation":{"x":0.15319295227527619,"y":0.5900647044181824,"z":-0.11525772511959076,"w":0.7843017578125},"size":12.634231567382813,"orthographic":false}